case_id,group,real,ub,T,n,m,unreachable_pairs,done_pairs,total_pairs,mean_j
basic-ho0r0,basic,3,4.0,10,3,3,8,1,9,0.1
basic-ho0r1,basic,0,0.0,10,3,3,9,0,9,0.0
basic-ho1r0,basic,0,3.0,10,3,3,9,0,9,0.0
basic-ho1r1,basic,0,0.0,10,3,3,9,0,9,0.0
basic-ho2r0,basic,5,6.0,10,3,3,8,1,9,0.16666666666666666
basic-ho2r1,basic,6,6.0,10,3,3,8,1,9,0.19999999999999998
basic-ho3r0,basic,7,13.0,10,3,3,8,1,9,0.2333333333333333
basic-ho3r1,basic,4,8.0,10,3,3,8,1,9,0.13333333333333333
basic-ho4r0,basic,0,0.0,10,3,3,9,0,9,0.0
basic-ho4r1,basic,7,8.0,10,3,3,8,1,9,0.2333333333333333
basic-ho5r0,basic,4,5.0,10,3,3,8,1,9,0.13333333333333333
basic-ho5r1,basic,1,6.0,10,3,3,8,1,9,0.03333333333333333
basic-ho6r0,basic,4,5.0,10,3,3,8,1,9,0.13333333333333333
basic-ho6r1,basic,20,22.0,10,3,3,7,2,9,0.6666666666666667
basic-ho7r0,basic,7,8.0,10,3,3,7,2,9,0.20666666666666664
basic-ho7r1,basic,4,8.0,10,3,3,8,1,9,0.13333333333333333
basic-ho8r0,basic,1,4.0,10,3,3,7,2,9,0.03333333333333333
basic-ho8r1,basic,0,2.0,10,3,3,9,0,9,0.0
basic-ho9r0,basic,6,6.0,10,3,3,8,1,9,0.19999999999999998
basic-ho9r1,basic,10,10.0,10,3,3,7,2,9,0.29333333333333333
basic-ho10r0,basic,10,12.0,10,3,3,8,1,9,0.33333333333333337
basic-ho10r1,basic,5,6.0,10,3,3,8,1,9,0.16666666666666666
basic-ho11r0,basic,0,0.0,10,3,3,9,0,9,0.0
basic-ho11r1,basic,0,4.0,10,3,3,9,0,9,0.0
basic-ho12r0,basic,2,5.0,10,3,3,8,1,9,0.06666666666666667
basic-ho12r1,basic,0,0.0,10,3,3,9,0,9,0.0
basic-ho13r0,basic,5,7.0,10,3,3,8,1,9,0.16666666666666666
basic-ho13r1,basic,3,7.0,10,3,3,8,1,9,0.1
basic-ho14r0,basic,8,9.0,10,3,3,8,1,9,0.26666666666666666
basic-ho14r1,basic,0,0.0,10,3,3,9,0,9,0.0
basic-ho15r0,basic,3,7.0,10,3,3,8,1,9,0.1
basic-ho15r1,basic,0,1.0,10,3,3,9,0,9,0.0
basic-ho16r0,basic,0,5.0,10,3,3,9,0,9,0.0
basic-ho16r1,basic,20,20.0,10,3,3,7,2,9,0.6666666666666667
basic-ho17r0,basic,5,6.0,10,3,3,8,1,9,0.16666666666666666
basic-ho17r1,basic,10,11.0,10,3,3,8,1,9,0.33333333333333337
basic-ho18r0,basic,9,10.0,10,3,3,7,2,9,0.29999999999999993
basic-ho18r1,basic,3,5.0,10,3,3,8,1,9,0.1
basic-ho19r0,basic,3,4.0,10,3,3,8,1,9,0.1
basic-ho19r1,basic,0,0.0,10,3,3,9,0,9,0.0
basic-ho20r0,basic,0,4.0,10,3,3,9,0,9,0.0
basic-ho20r1,basic,0,0.0,10,3,3,9,0,9,0.0
basic-ho21r0,basic,0,0.0,10,3,3,9,0,9,0.0
basic-ho21r1,basic,0,2.0,10,3,3,9,0,9,0.0
basic-ho22r0,basic,10,13.0,10,3,3,7,2,9,0.3333333333333333
basic-ho22r1,basic,4,5.0,10,3,3,7,2,9,0.13333333333333333
basic-ho23r0,basic,4,5.0,10,3,3,8,1,9,0.13333333333333333
basic-ho23r1,basic,2,4.0,10,3,3,8,1,9,0.06666666666666667
basic-ho24r0,basic,0,1.0,10,3,3,9,0,9,0.0
basic-ho24r1,basic,10,10.0,10,3,3,8,1,9,0.33333333333333337
basic-ho25r0,basic,2,4.0,10,3,3,8,1,9,0.06666666666666667
basic-ho25r1,basic,10,11.0,10,3,3,8,1,9,0.33333333333333337
basic-ho26r0,basic,0,0.0,10,3,3,9,0,9,0.0
basic-ho26r1,basic,11,14.0,10,3,3,6,3,9,0.3666666666666666
basic-ho27r0,basic,3,5.0,10,3,3,8,1,9,0.1
basic-ho27r1,basic,5,5.0,10,3,3,7,2,9,0.16666666666666666
basic-ho28r0,basic,0,0.0,10,3,3,9,0,9,0.0
basic-ho28r1,basic,0,1.0,10,3,3,9,0,9,0.0
basic-ho29r0,basic,3,5.0,10,3,3,8,1,9,0.1
basic-ho29r1,basic,6,8.0,10,3,3,8,1,9,0.19999999999999998
basic-ho30r0,basic,14,16.0,10,3,3,7,2,9,0.4666666666666666
basic-ho30r1,basic,0,0.0,10,3,3,9,0,9,0.0
basic-ho31r0,basic,10,11.0,10,3,3,7,2,9,0.33333333333333337
basic-ho31r1,basic,13,15.0,10,3,3,6,3,9,0.4333333333333333
cooperation-ho0r0,cooperation,0,1.0,10,3,3,9,0,9,0.0
cooperation-ho0r1,cooperation,6,8.0,10,3,3,8,1,9,0.19999999999999998
cooperation-ho1r0,cooperation,10,11.0,10,3,3,8,1,9,0.33333333333333337
cooperation-ho1r1,cooperation,0,2.0,10,3,3,9,0,9,0.0
cooperation-ho2r0,cooperation,16,16.0,10,3,3,7,2,9,0.5333333333333333
cooperation-ho2r1,cooperation,0,0.0,10,3,3,9,0,9,0.0
cooperation-ho3r0,cooperation,6,7.0,10,3,3,8,1,9,0.19999999999999998
cooperation-ho3r1,cooperation,7,7.0,10,3,3,8,1,9,0.2333333333333333
cooperation-ho4r0,cooperation,1,5.0,10,3,3,8,1,9,0.03333333333333333
cooperation-ho4r1,cooperation,4,7.0,10,3,3,8,1,9,0.13333333333333333
cooperation-ho5r0,cooperation,0,0.0,10,3,3,9,0,9,0.0
cooperation-ho5r1,cooperation,0,6.0,10,3,3,9,0,9,0.0
cooperation-ho6r0,cooperation,3,7.0,10,3,3,7,2,9,0.1
cooperation-ho6r1,cooperation,0,2.0,10,3,3,9,0,9,0.0
cooperation-ho7r0,cooperation,0,0.0,10,3,3,9,0,9,0.0
cooperation-ho7r1,cooperation,10,10.0,10,3,3,8,1,9,0.33333333333333337
cooperation-ho8r0,cooperation,6,6.0,10,3,3,7,2,9,0.19999999999999998
cooperation-ho8r1,cooperation,6,7.0,10,3,3,8,1,9,0.19999999999999998
cooperation-ho9r0,cooperation,10,11.0,10,3,3,7,2,9,0.3333333333333333
cooperation-ho9r1,cooperation,5,7.0,10,3,3,7,2,9,0.16666666666666666
cooperation-ho10r0,cooperation,8,8.0,10,3,3,8,1,9,0.26666666666666666
cooperation-ho10r1,cooperation,1,3.0,10,3,3,8,1,9,0.03333333333333333
cooperation-ho11r0,cooperation,0,0.0,10,3,3,9,0,9,0.0
cooperation-ho11r1,cooperation,15,17.0,10,3,3,7,2,9,0.5
cooperation-ho12r0,cooperation,3,6.0,10,3,3,8,1,9,0.1
cooperation-ho12r1,cooperation,0,2.0,10,3,3,9,0,9,0.0
cooperation-ho13r0,cooperation,0,0.0,10,3,3,9,0,9,0.0
cooperation-ho13r1,cooperation,4,6.0,10,3,3,8,1,9,0.13333333333333333
cooperation-ho14r0,cooperation,0,0.0,10,3,3,9,0,9,0.0
cooperation-ho14r1,cooperation,5,10.0,10,3,3,8,1,9,0.16666666666666666
cooperation-ho15r0,cooperation,5,7.0,10,3,3,7,2,9,0.16666666666666666
cooperation-ho15r1,cooperation,2,4.0,10,3,3,8,1,9,0.06666666666666667
cooperation-ho16r0,cooperation,0,1.0,10,3,3,9,0,9,0.0
cooperation-ho16r1,cooperation,10,10.0,10,3,3,8,1,9,0.33333333333333337
cooperation-ho17r0,cooperation,0,0.0,10,3,3,9,0,9,0.0
cooperation-ho17r1,cooperation,0,2.0,10,3,3,9,0,9,0.0
cooperation-ho18r0,cooperation,5,6.0,10,3,3,8,1,9,0.16666666666666666
cooperation-ho18r1,cooperation,2,5.0,10,3,3,8,1,9,0.06666666666666667
cooperation-ho19r0,cooperation,1,4.0,10,3,3,8,1,9,0.03333333333333333
cooperation-ho19r1,cooperation,2,4.0,10,3,3,7,2,9,0.06666666666666667
cooperation-ho20r0,cooperation,0,0.0,10,3,3,9,0,9,0.0
cooperation-ho20r1,cooperation,0,2.0,10,3,3,9,0,9,0.0
cooperation-ho21r0,cooperation,0,0.0,10,3,3,9,0,9,0.0
cooperation-ho21r1,cooperation,14,16.0,10,3,3,7,2,9,0.4666666666666666
cooperation-ho22r0,cooperation,5,7.0,10,3,3,7,2,9,0.16666666666666666
cooperation-ho22r1,cooperation,0,0.0,10,3,3,9,0,9,0.0
cooperation-ho23r0,cooperation,0,0.0,10,3,3,9,0,9,0.0
cooperation-ho23r1,cooperation,0,0.0,10,3,3,9,0,9,0.0
cooperation-ho24r0,cooperation,10,12.0,10,3,3,8,1,9,0.33333333333333337
cooperation-ho24r1,cooperation,0,0.0,10,3,3,9,0,9,0.0
cooperation-ho25r0,cooperation,9,11.0,10,3,3,7,2,9,0.29999999999999993
cooperation-ho25r1,cooperation,7,8.0,10,3,3,8,1,9,0.2333333333333333
cooperation-ho26r0,cooperation,9,9.0,10,3,3,7,2,9,0.3
cooperation-ho26r1,cooperation,7,10.0,10,3,3,8,1,9,0.2333333333333333
cooperation-ho27r0,cooperation,0,3.0,10,3,3,9,0,9,-0.04
cooperation-ho27r1,cooperation,8,11.0,10,3,3,7,2,9,0.26666666666666666
cooperation-ho28r0,cooperation,1,4.0,10,3,3,8,1,9,0.03333333333333333
cooperation-ho28r1,cooperation,5,9.0,10,3,3,8,1,9,0.16666666666666666
cooperation-ho29r0,cooperation,14,15.0,10,3,3,7,2,9,0.4666666666666666
cooperation-ho29r1,cooperation,12,14.0,10,3,3,7,2,9,0.39999999999999997
cooperation-ho30r0,cooperation,5,7.0,10,3,3,8,1,9,0.16666666666666666
cooperation-ho30r1,cooperation,17,19.0,10,3,3,7,2,9,0.5666666666666667
cooperation-ho31r0,cooperation,3,4.0,10,3,3,8,1,9,0.1
cooperation-ho31r1,cooperation,0,2.0,10,3,3,9,0,9,0.0
